Internal ID,Subject,Description,Product Area,Created by (Email)
2000,This is subject818,This is ideas body,Ideas,
2001,This is subject819,This is ideas body,Ideas,
2002,This is subject820,This is ideas body,Ideas,
2003,This is subject821,This is ideas body,Ideas,
2004,This is subject822,This is ideas body,Ideas,
2005,This is subject823,This is ideas body,Ideas,
2006,This is subject824,This is ideas body,Ideas,
2007,This is subject825,This is ideas body,Ideas,
2008,This is subject826,This is ideas body,Ideas,
2009,This is subject827,This is ideas body,Ideas,
2010,This is subject828,This is ideas body,Ideas,
2011,This is subject829,This is ideas body,Ideas,
2012,This is subject830,This is ideas body,Ideas,
2013,This is subject831,This is ideas body,Ideas,
2014,This is subject832,This is ideas body,Ideas,
2015,This is subject833,This is ideas body,Ideas,
2016,This is subject834,This is ideas body,Ideas,
2017,This is subject835,This is ideas body,Ideas,
2018,This is subject836,This is ideas body,Ideas,
2019,This is subject837,This is ideas body,Ideas,
2020,This is subject838,This is ideas body,Ideas,
2021,This is subject839,This is ideas body,Ideas,
2022,This is subject840,This is ideas body,Ideas,
2023,This is subject841,This is ideas body,Ideas,
2024,This is subject842,This is ideas body,Ideas,
2025,This is subject843,This is ideas body,Ideas,
2026,This is subject844,This is ideas body,Ideas,
2027,This is subject845,This is ideas body,Ideas,
2028,This is subject846,This is ideas body,Ideas,
2029,This is subject847,This is ideas body,Ideas,
2030,This is subject848,This is ideas body,Ideas,
2031,This is subject849,This is ideas body,Ideas,
2032,This is subject850,This is ideas body,Ideas,
2033,This is subject851,This is ideas body,Ideas,
2034,This is subject852,This is ideas body,Ideas,
2035,This is subject853,This is ideas body,Ideas,
2036,This is subject854,This is ideas body,Ideas,
2037,This is subject855,This is ideas body,Ideas,
2038,This is subject856,This is ideas body,Ideas,
2039,This is subject857,This is ideas body,Ideas,
2040,This is subject858,This is ideas body,Ideas,
2041,This is subject859,This is ideas body,Ideas,
2042,This is subject860,This is ideas body,Ideas,
2043,This is subject861,This is ideas body,Ideas,
2044,This is subject862,This is ideas body,Ideas,
2045,This is subject863,This is ideas body,Ideas,
2046,This is subject864,This is ideas body,Ideas,
2047,This is subject865,This is ideas body,Ideas,
2048,This is subject866,This is ideas body,Ideas,
2049,This is subject867,This is ideas body,Ideas,
2050,This is subject868,This is ideas body,Ideas,
2051,This is subject869,This is ideas body,Ideas,
2052,This is subject870,This is ideas body,Ideas,
2053,This is subject871,This is ideas body,Ideas,
2054,This is subject872,This is ideas body,Ideas,
2055,This is subject873,This is ideas body,Ideas,
2056,This is subject874,This is ideas body,Ideas,
2057,This is subject875,This is ideas body,Ideas,
2058,This is subject876,This is ideas body,Ideas,
2059,This is subject877,This is ideas body,Ideas,
2060,This is subject878,This is ideas body,Ideas,
2061,This is subject879,This is ideas body,Ideas,
2062,This is subject880,This is ideas body,Ideas,
2063,This is subject881,This is ideas body,Ideas,
2064,This is subject882,This is ideas body,Ideas,
2065,This is subject883,This is ideas body,Ideas,
2066,This is subject884,This is ideas body,Ideas,
2067,This is subject885,This is ideas body,Ideas,
2068,This is subject886,This is ideas body,Ideas,
2069,This is subject887,This is ideas body,Ideas,
2070,This is subject888,This is ideas body,Ideas,
2071,This is subject889,This is ideas body,Ideas,
2072,This is subject890,This is ideas body,Ideas,
2073,This is subject891,This is ideas body,Ideas,
2074,This is subject892,This is ideas body,Ideas,
2075,This is subject893,This is ideas body,Ideas,
2076,This is subject894,This is ideas body,Ideas,
2077,This is subject895,This is ideas body,Ideas,
2078,This is subject896,This is ideas body,Ideas,
2079,This is subject897,This is ideas body,Ideas,
2080,This is subject898,This is ideas body,Ideas,
2081,This is subject899,This is ideas body,Ideas,
2082,This is subject900,This is ideas body,Ideas,
2083,This is subject901,This is ideas body,Ideas,
2084,This is subject902,This is ideas body,Ideas,
2085,This is subject903,This is ideas body,Ideas,
2086,This is subject904,This is ideas body,Ideas,
2087,This is subject905,This is ideas body,Ideas,
2088,This is subject906,This is ideas body,Ideas,
2089,This is subject907,This is ideas body,Ideas,
2090,This is subject908,This is ideas body,Ideas,
2091,This is subject909,This is ideas body,Ideas,
2092,This is subject910,This is ideas body,Ideas,
2093,This is subject911,This is ideas body,Ideas,
2094,This is subject912,This is ideas body,Ideas,
2095,This is subject913,This is ideas body,Ideas,
2096,This is subject914,This is ideas body,Ideas,
2097,This is subject915,This is ideas body,Ideas,
2098,This is subject916,This is ideas body,Ideas,
2099,This is subject917,This is ideas body,Ideas,
2100,This is subject918,This is ideas body,Ideas,
2101,This is subject919,This is ideas body,Ideas,
2102,This is subject920,This is ideas body,Ideas,
2103,This is subject921,This is ideas body,Ideas,
2104,This is subject922,This is ideas body,Ideas,
2105,This is subject923,This is ideas body,Ideas,
2106,This is subject924,This is ideas body,Ideas,
2107,This is subject925,This is ideas body,Ideas,
2108,This is subject926,This is ideas body,Ideas,
2109,This is subject927,This is ideas body,Ideas,
2110,This is subject928,This is ideas body,Ideas,
2111,This is subject929,This is ideas body,Ideas,
2112,This is subject930,This is ideas body,Ideas,
2113,This is subject931,This is ideas body,Ideas,
2114,This is subject932,This is ideas body,Ideas,
2115,This is subject933,This is ideas body,Ideas,
2116,This is subject934,This is ideas body,Ideas,
2117,This is subject935,This is ideas body,Ideas,
2118,This is subject936,This is ideas body,Ideas,
2119,This is subject937,This is ideas body,Ideas,
2120,This is subject938,This is ideas body,Ideas,
2121,This is subject939,This is ideas body,Ideas,
2122,This is subject940,This is ideas body,Ideas,
2123,This is subject941,This is ideas body,Ideas,
2124,This is subject942,This is ideas body,Ideas,
2125,This is subject943,This is ideas body,Ideas,
2126,This is subject944,This is ideas body,Ideas,
2127,This is subject945,This is ideas body,Ideas,
2128,This is subject946,This is ideas body,Ideas,
2129,This is subject947,This is ideas body,Ideas,
2130,This is subject948,This is ideas body,Ideas,
2131,This is subject949,This is ideas body,Ideas,
2132,This is subject950,This is ideas body,Ideas,
2133,This is subject951,This is ideas body,Ideas,
2134,This is subject952,This is ideas body,Ideas,
2135,This is subject953,This is ideas body,Ideas,
2136,This is subject954,This is ideas body,Ideas,
2137,This is subject955,This is ideas body,Ideas,
2138,This is subject956,This is ideas body,Ideas,
2139,This is subject957,This is ideas body,Ideas,
2140,This is subject958,This is ideas body,Ideas,
2141,This is subject959,This is ideas body,Ideas,
2142,This is subject960,This is ideas body,Ideas,
2143,This is subject961,This is ideas body,Ideas,
2144,This is subject962,This is ideas body,Ideas,
2145,This is subject963,This is ideas body,Ideas,
2146,This is subject964,This is ideas body,Ideas,
2147,This is subject965,This is ideas body,Ideas,
2148,This is subject966,This is ideas body,Ideas,
2149,This is subject967,This is ideas body,Ideas,
2150,This is subject968,This is ideas body,Ideas,
2151,This is subject969,This is ideas body,Ideas,
2152,This is subject970,This is ideas body,Ideas,
2153,This is subject971,This is ideas body,Ideas,
2154,This is subject972,This is ideas body,Ideas,
2155,This is subject973,This is ideas body,Ideas,
2156,This is subject974,This is ideas body,Ideas,
2157,This is subject975,This is ideas body,Ideas,
2158,This is subject976,This is ideas body,Ideas,
2159,This is subject977,This is ideas body,Ideas,
2160,This is subject978,This is ideas body,Ideas,
2161,This is subject979,This is ideas body,Ideas,
2162,This is subject980,This is ideas body,Ideas,
2163,This is subject981,This is ideas body,Ideas,
2164,This is subject982,This is ideas body,Ideas,
2165,This is subject983,This is ideas body,Ideas,
2166,This is subject984,This is ideas body,Ideas,
2167,This is subject985,This is ideas body,Ideas,
2168,This is subject986,This is ideas body,Ideas,
2169,This is subject987,This is ideas body,Ideas,
2170,This is subject988,This is ideas body,Ideas,
2171,This is subject989,This is ideas body,Ideas,
2172,This is subject990,This is ideas body,Ideas,
2173,This is subject991,This is ideas body,Ideas,
2174,This is subject992,This is ideas body,Ideas,
2175,This is subject993,This is ideas body,Ideas,
2176,This is subject994,This is ideas body,Ideas,
2177,This is subject995,This is ideas body,Ideas,
2178,This is subject996,This is ideas body,Ideas,
2179,This is subject997,This is ideas body,Ideas,
2180,This is subject998,This is ideas body,Ideas,
2181,This is subject999,This is ideas body,Ideas,
2182,This is subject1000,This is ideas body,Ideas,
2183,This is subject1001,This is ideas body,Ideas,
2184,This is subject1002,This is ideas body,Ideas,
2185,This is subject1003,This is ideas body,Ideas,
2186,This is subject1004,This is ideas body,Ideas,
2187,This is subject1005,This is ideas body,Ideas,
2188,This is subject1006,This is ideas body,Ideas,
2189,This is subject1007,This is ideas body,Ideas,
2190,This is subject1008,This is ideas body,Ideas,
2191,This is subject1009,This is ideas body,Ideas,
2192,This is subject1010,This is ideas body,Ideas,
2193,This is subject1011,This is ideas body,Ideas,
2194,This is subject1012,This is ideas body,Ideas,
2195,This is subject1013,This is ideas body,Ideas,
2196,This is subject1014,This is ideas body,Ideas,
2197,This is subject1015,This is ideas body,Ideas,
2198,This is subject1016,This is ideas body,Ideas,
2199,This is subject1017,This is ideas body,Ideas,
2200,This is subject1018,This is ideas body,Ideas,
2201,This is subject1019,This is ideas body,Ideas,
2202,This is subject1020,This is ideas body,Ideas,
2203,This is subject1021,This is ideas body,Ideas,
2204,This is subject1022,This is ideas body,Ideas,
2205,This is subject1023,This is ideas body,Ideas,
2206,This is subject1024,This is ideas body,Ideas,
2207,This is subject1025,This is ideas body,Ideas,
2208,This is subject1026,This is ideas body,Ideas,
2209,This is subject1027,This is ideas body,Ideas,
2210,This is subject1028,This is ideas body,Ideas,
2211,This is subject1029,This is ideas body,Ideas,
2212,This is subject1030,This is ideas body,Ideas,
2213,This is subject1031,This is ideas body,Ideas,
2214,This is subject1032,This is ideas body,Ideas,
2215,This is subject1033,This is ideas body,Ideas,
2216,This is subject1034,This is ideas body,Ideas,
2217,This is subject1035,This is ideas body,Ideas,
2218,This is subject1036,This is ideas body,Ideas,
2219,This is subject1037,This is ideas body,Ideas,
2220,This is subject1038,This is ideas body,Ideas,
2221,This is subject1039,This is ideas body,Ideas,
2222,This is subject1040,This is ideas body,Ideas,
2223,This is subject1041,This is ideas body,Ideas,
2224,This is subject1042,This is ideas body,Ideas,
2225,This is subject1043,This is ideas body,Ideas,
2226,This is subject1044,This is ideas body,Ideas,
2227,This is subject1045,This is ideas body,Ideas,
2228,This is subject1046,This is ideas body,Ideas,
2229,This is subject1047,This is ideas body,Ideas,
2230,This is subject1048,This is ideas body,Ideas,
2231,This is subject1049,This is ideas body,Ideas,
2232,This is subject1050,This is ideas body,Ideas,
2233,This is subject1051,This is ideas body,Ideas,
2234,This is subject1052,This is ideas body,Ideas,
2235,This is subject1053,This is ideas body,Ideas,
2236,This is subject1054,This is ideas body,Ideas,
2237,This is subject1055,This is ideas body,Ideas,
2238,This is subject1056,This is ideas body,Ideas,
2239,This is subject1057,This is ideas body,Ideas,
2240,This is subject1058,This is ideas body,Ideas,
2241,This is subject1059,This is ideas body,Ideas,
2242,This is subject1060,This is ideas body,Ideas,
2243,This is subject1061,This is ideas body,Ideas,
2244,This is subject1062,This is ideas body,Ideas,
2245,This is subject1063,This is ideas body,Ideas,
2246,This is subject1064,This is ideas body,Ideas,
2247,This is subject1065,This is ideas body,Ideas,
2248,This is subject1066,This is ideas body,Ideas,
2249,This is subject1067,This is ideas body,Ideas,
2250,This is subject1068,This is ideas body,Ideas,
2251,This is subject1069,This is ideas body,Ideas,
2252,This is subject1070,This is ideas body,Ideas,
2253,This is subject1071,This is ideas body,Ideas,
2254,This is subject1072,This is ideas body,Ideas,
2255,This is subject1073,This is ideas body,Ideas,
2256,This is subject1074,This is ideas body,Ideas,
2257,This is subject1075,This is ideas body,Ideas,
2258,This is subject1076,This is ideas body,Ideas,
2259,This is subject1077,This is ideas body,Ideas,
2260,This is subject1078,This is ideas body,Ideas,
2261,This is subject1079,This is ideas body,Ideas,
2262,This is subject1080,This is ideas body,Ideas,
2263,This is subject1081,This is ideas body,Ideas,
2264,This is subject1082,This is ideas body,Ideas,
2265,This is subject1083,This is ideas body,Ideas,
2266,This is subject1084,This is ideas body,Ideas,
2267,This is subject1085,This is ideas body,Ideas,
2268,This is subject1086,This is ideas body,Ideas,
2269,This is subject1087,This is ideas body,Ideas,
2270,This is subject1088,This is ideas body,Ideas,
2271,This is subject1089,This is ideas body,Ideas,
2272,This is subject1090,This is ideas body,Ideas,
2273,This is subject1091,This is ideas body,Ideas,
2274,This is subject1092,This is ideas body,Ideas,
2275,This is subject1093,This is ideas body,Ideas,
2276,This is subject1094,This is ideas body,Ideas,
2277,This is subject1095,This is ideas body,Ideas,
2278,This is subject1096,This is ideas body,Ideas,
2279,This is subject1097,This is ideas body,Ideas,
2280,This is subject1098,This is ideas body,Ideas,
2281,This is subject1099,This is ideas body,Ideas,
2282,This is subject1100,This is ideas body,Ideas,
2283,This is subject1101,This is ideas body,Ideas,
2284,This is subject1102,This is ideas body,Ideas,
2285,This is subject1103,This is ideas body,Ideas,
2286,This is subject1104,This is ideas body,Ideas,
2287,This is subject1105,This is ideas body,Ideas,
2288,This is subject1106,This is ideas body,Ideas,
2289,This is subject1107,This is ideas body,Ideas,
2290,This is subject1108,This is ideas body,Ideas,
2291,This is subject1109,This is ideas body,Ideas,
2292,This is subject1110,This is ideas body,Ideas,
2293,This is subject1111,This is ideas body,Ideas,
2294,This is subject1112,This is ideas body,Ideas,
2295,This is subject1113,This is ideas body,Ideas,
2296,This is subject1114,This is ideas body,Ideas,
2297,This is subject1115,This is ideas body,Ideas,
2298,This is subject1116,This is ideas body,Ideas,
2299,This is subject1117,This is ideas body,Ideas,
2300,This is subject1118,This is ideas body,Ideas,
2301,This is subject1119,This is ideas body,Ideas,
2302,This is subject1120,This is ideas body,Ideas,
2303,This is subject1121,This is ideas body,Ideas,
2304,This is subject1122,This is ideas body,Ideas,
2305,This is subject1123,This is ideas body,Ideas,
2306,This is subject1124,This is ideas body,Ideas,
2307,This is subject1125,This is ideas body,Ideas,
2308,This is subject1126,This is ideas body,Ideas,
2309,This is subject1127,This is ideas body,Ideas,
2310,This is subject1128,This is ideas body,Ideas,
2311,This is subject1129,This is ideas body,Ideas,
2312,This is subject1130,This is ideas body,Ideas,
2313,This is subject1131,This is ideas body,Ideas,
2314,This is subject1132,This is ideas body,Ideas,
2315,This is subject1133,This is ideas body,Ideas,
2316,This is subject1134,This is ideas body,Ideas,
2317,This is subject1135,This is ideas body,Ideas,
2318,This is subject1136,This is ideas body,Ideas,
2319,This is subject1137,This is ideas body,Ideas,
2320,This is subject1138,This is ideas body,Ideas,
2321,This is subject1139,This is ideas body,Ideas,
2322,This is subject1140,This is ideas body,Ideas,
2323,This is subject1141,This is ideas body,Ideas,
2324,This is subject1142,This is ideas body,Ideas,
2325,This is subject1143,This is ideas body,Ideas,
2326,This is subject1144,This is ideas body,Ideas,
2327,This is subject1145,This is ideas body,Ideas,
2328,This is subject1146,This is ideas body,Ideas,
2329,This is subject1147,This is ideas body,Ideas,
2330,This is subject1148,This is ideas body,Ideas,
2331,This is subject1149,This is ideas body,Ideas,
2332,This is subject1150,This is ideas body,Ideas,
2333,This is subject1151,This is ideas body,Ideas,
2334,This is subject1152,This is ideas body,Ideas,
2335,This is subject1153,This is ideas body,Ideas,
2336,This is subject1154,This is ideas body,Ideas,
2337,This is subject1155,This is ideas body,Ideas,
2338,This is subject1156,This is ideas body,Ideas,
2339,This is subject1157,This is ideas body,Ideas,
2340,This is subject1158,This is ideas body,Ideas,
2341,This is subject1159,This is ideas body,Ideas,
2342,This is subject1160,This is ideas body,Ideas,
2343,This is subject1161,This is ideas body,Ideas,
2344,This is subject1162,This is ideas body,Ideas,
2345,This is subject1163,This is ideas body,Ideas,
